ID,PRODUCT_ID,TITLE,DESCRIPTION,PRICE,STOCK
1,1,Sony Turntable - PSLX350H,Sony Turntable - PSLX350H/ Belt Drive System/ 33-1/3 and 45 RPM Speeds/ Servo Speed Control/ Supplied Moving Magnet Phono Cartridge/ Bonded Diamond Stylus/ Static Balance Tonearm/ Pitch Control,3757.71,13
2,2,Bose Acoustimass 5 Series III Speaker System - AM53BK,Bose Acoustimass 5 Series III Speaker System - AM53BK/ 2 Dual Cube Speakers With Two 2-1/2' Wide-range Drivers In Each Speaker/ Powerful Bass Module With Two 5-1/2' Woofers/ 200 Watts Max Power/ Black Finish,399,67
3,3,Sony Switcher - SBV40S,Sony Switcher - SBV40S/ Eliminates Disconnecting And Reconnecting Cables/ Compact Design/ 4 A/V Inputs With S-Video Jacks/ 1 A/V Output With S-Video (Y/C)Jack/ 2 Audio Output,49,54
4,4,Sony 5 Disc CD Player - CDPCE375,Sony 5 Disc CD Player- CDPCE375/ 5 Disc Changer/ Variable Line Output/ CD-R/RW Playback Capability/ 20 Track Music Calendar/ Digital Servo Control/ Remote Commander Remote Control,2892.51,7
5,5,Bose 27028 161 Bookshelf Pair Speakers In White - 161WH,Bose 161 Bookshelf Speakers In White - 161WH/ Articulated Array Speaker Design/ High-Excursion Twiddler Drivers/ Magnetically Shielded/ Priced Per Pair/ White Finish,158,17
6,6,Denon Stereo Tuner - TU1500RD,Denon Stereo Tuner - TU1500RD/ RDS Radio Data System/ AM-FM 40 Station Random Memory/ Rotary Tuning Knob/ Dot Matrix FL Display/ Optional Remote,375,89
7,7,KitchenAid Pasta Roller And Cutter - KPRA,KitchenAid Pasta Roller And Cutter - KPRA/ One Pasta Roller/ Two Pasta Cutters/ Cleaning Brush/ Chrome Finish,4884.83,53
8,8,Panasonic Yeast Pro Automatic Breadmaker - SDYD250,Panasonic Yeast Pro Automatic Breadmaker - SDYD250/ Patented Yeast Dispenser/ 2.5 lb To 1.5 lb Loaf/ Choice Of Bread And Baking Modes/ 13 Hour Countdown Digital Timer/ Nonstick Coating For Easy Cleanup,5038.78,17
9,9,Sony Vertical-In-The-Ear Stereo Headphones - MDRJ10,Sony Vertical-In-The-Ear Stereo Headphones - MDRJ10/ Clip On Style/ 13.5 MM Driver Unit/ Blue Finish,5167.2,97
10,10,Panasonic 2-Line Integrated Telephone - KXTSC14W,Panasonic 2-Line Integrated Telephone - KXTSC14W/ Call Waiting/ 50-Station Caller ID/ Voice Mail Message-Waiting Indicator/ Speakerphone/ 3-Line LCD Display/ White Finish,5489.63,60
11,11,Panasonic Integrated Telephone System - KXTS108W,Panasonic Integrated Telephone System - KXTS108W/ 16 Digit LCD With Clock/ Hands Free Speakerphone/ Built-In Data Port/ 10-Station One-Touch Dialing/ 3-Step Ringer Volume/ White Finish,44,75
12,12,Panasonic 2-Line Integrated Telephone System - KXTS208W,Panasonic 2-Line Integrated Telephone System - KXTS208W/ 3-Way Conference/ One-Touch/Speed Dialer/ Speakerphone/ White Finish,7422.23,46
13,13,Sony 300 Disc CD Changer - CDPCX355,Sony 300 Disc CD Changer - CDPCX355/ MegaStorage Control/ CD-R/CD-RW Playback/ 32 Step Program Play/ Control A1 II/ Custom File Memo/ CD Text/ Keyboard Input/ 2 Jog Dials/ Remote Control/ Black Finish,1626.97,15
14,14,Sony 400 Disc MegaStorage CD Changer - CDPCX455,Sony 400 Disc MegaStorage CD Changer - CDPCX455/ MP3 Playback Capability/ CD-R/CD-RW Playback/ Twin Jog Dial For Easy Disc Access/ MegaChanger Control/ Optical Digital Output/ Keyboard Input/ Remote Commander?Remote Control,1619.39,31
15,15,Panasonic Hands-Free Headset - KXTCA86,Panasonic Hands-Free Headset - KXTCA86/ Comfort Fit And  Fold Design/ Noise Cancelling Microphone/ Standard 2.5mm Connection,14.95,69
16,16,Panasonic Hands Free Headset  - KXTCA92,Panasonic Hands Free Headset - KXTCA92/ Comfort Fit With Fold Design/ Noise Cancelling Microphone/ Volume Control/ Mute/ Standard 2.5mm Connection,25,85
17,17,Cuisinart Convection-Oven-Toaster-Broiler With Exact Heat Sensor - TOB165WH,Cuisinart Convection-Oven-Toaster-Broiler With Exact Heat Sensor - TOB165WH/ 0.5 Cubic Foot Oven Capacity/ LED Indicators/ Individual Or Combination Settings/ Always Even Shade Control/ 4 Hour Automatic Shut Off/ Slide-Out Crumb Tray/ Includes Broiling Pan/ White Finish,149,42
18,18,Frigidaire 24' White Built-In Dishwasher - FDB130WH,Frigidaire 24' FDB130RGS White Built-In Dishwasher - FDB130WH/ Convection Drying System/ QuietSound Sound Insulation Package/ 2 Wash Levels/ Adjustable Rinse Aid Dispenser/ Self Cleaning Filter/ White Finish,229,78
19,19,Cuisinart Cordless Electric Kettle - KUA17,Cuisinart Cordless Electric Kettle - KUA17/ 1-3/4 Quart Capacity/ Automatic Shut-Off/ Indicator Light/ Splash Guard Spout/ Cord Storage In Base/ Chrome Finish,70,34
20,20,Omnimount Wall Speaker Mount - 20WLBK,Omnimount Wall Speaker Mount - 20WLBK/ Stainless Steel Shafts And All Necessary Hardware Included/ Supports Speakers Up To 20 lbs./ Sold As Single / Black Finish,39.95,2
21,21,Omnimount Wall Speaker Mount - 20WLWH,Omnimount Wall Speaker Mount - 20WLWH/ Stainless Steel Shafts And All Necessary Hardware Included/ Supports Speakers Up To 20 lbs./ Sold as each / White Finish (Photo Showing Black),40,8
22,22,Denon Semi-Automatic Turntable - Black Finish - DP29F,Denon Semi-Automatic Turntable - DP29F/ Metal Platter/ Built-In RIAA Equalizer/ DC Servo Motor/ 2 Speed 33 + 45 RPM/ Built-In Phono PreAmp,150,16
23,23,Sony Xplod 10-Disc Add-On CD/MP3 Changer - CDX565MXRF,Sony Xplod 10-Disc Add-On CD/MP3 Changer - CDX565MXRF/ CD/CD-R/CD-RW And MP3 Playback/ MP3 Decoding/ D-Bass/ 12-Second Advanced Electronic Shock Protection/ FM Modulator/ 9 Modulation Frequencies/ Wireless Remote,4712.34,44
24,24,Escort Passport Radar And Laser Detector - Black Finish - 8500,"Escort Passport X50 Radar And Laser Detector - 8500/ X-Band, K-Band, Ka-Band Operating Bands/ AlGaAs 280 LED Matrix/Text Display Type/ 3-Level Dimming, Plus Dark Mode/ Auto Mute/ City Mode Sensitivity/ Compact Size/ Red Display",313.95,42
25,25,Peerless Wall TV Mounts In Black - PM1327BK,Peerless Wall TV Mounts - PM1327BK/ TV Wall Mount With Adjustable Width Support Tray For 13'-27' Set/ Black Finish,886.89,98
26,26,Panasonic Laser Toner Cartridge - KXFA83,Panasonic Laser Toner Cartridge - KXFA83/ Used With FL511/F541 Fax Machines,632.98,52
27,27,Sony Compact Disc Player/Recorder - RCDW500C,"Sony Compact Disc Player/Recorder - RCDW500C/ 5-CD/Dual Deck With 4x High Speed Dubbing/ CD, CD-R, CD-RW, MP3 Playback Capable/ Super Bit Mapping Recording/ High Speed Finalizing",299,34
28,28,Sanus WMS3B Black Weather Resistant Small Speaker Wall Mount - WMS3B,Sanus WMS3B Black Small Speaker Wall Mount - WMS3B/ Holds Up To An 8 Pound Speaker/ Multiple Pivot Points/ Weather Resistant For Indoor/Outdoor Use/ Black Finish/ Priced Per Pair,29.99,27
29,29,Sanus WMS3S Silver Weather Resistant Small Speaker Wall Mount - WMS3S,Sanus WMS3S Silver Small Speaker Wall Mount - WMS3S/ Holds Up To An 8 Pound Speaker/ Multiple Pivot Points/ Weather Resistant For Indoor/Outdoor Use/ Silver Finish/ Priced Per Pair,29.99,80
30,30,Sanus Euro Foundations Satellite Speaker Stand - EFSATB,Sanus Euro Foundations Satellite Speaker Stand - EFSATB/ Sturdy Base/ Adjustable Pillar And Floor Spikes/ Includes Three Different Speaker Mounting Methods/ Contemporary European Design/ Satin Powder-Coated Black Finish/ Priced Per Pair,79.99,99
31,31,Sanus Euro Foundations Satellite Speaker Stand - EFSATS,Sanus Euro Foundations Satellite Speaker Stand - EFSATS/ Sturdy Base/ Adjustable Pillar And Floor Spikes/ Includes Three Different Speaker Mounting Methods/ Contemporary European Design/ Satin Powder-Coated Silver Finish/ Priced Per Pair,79.99,78
32,32,Onkyo 6 Disc CD Player Changer - DXC390B,Onkyo 6 Disc CD Player Changer- DXC390B/ Multi Single-Bit DAC/ 6 Repeat Modes/ 40 Random Track Memory/ Direct Track Access/ 96 dB S/N Ratio/ 5 Hz-20 kHz Frequency Response/ Remote Control Included/ Black Finish,175.89,24
33,33,Panasonic Corded Phone - KXTS3282B,Panasonic Corded Phone - KXTS3282B/ 2 Phone Lines/ Call Waiting/ 50-Station Caller ID/ Speakerphone/ 3-Line LCD Display/ Black Finish,291.4,94
34,34,Escort Cordless Solo Radar Detector - S2E,Escort Cordless Solo Radar Detector - S2E/ S2/ 10 Programmable Features/ High-Efficiency Power Management/ Ultra-Performance Laser Protection/ AutoSensitivity Mode/ High Resolution Graphic LCD Display/ Built-In Earphone Jack,343.95,85
35,35,Garmin Deluxe Carrying Case - Black Finish - 0101023101,"Garmin Deluxe Carrying Case - 0101023101/ Designed For Street Pilot III 2610/2650 GPS Systems/ Holds Your GPS System, Mounting Bracket, Cables, Batteries And Data Cards",636.62,20
36,36,Kenwood 6-Disc CD Changer - KDCC669,"Kenwood 6-Disc CD Changer - KDCC669/ 3-Angle Mounting/ CD, CD-R And CD-RW Playback/ Anti-Vibration Disc Transport/ Compatible With All Kenwood Units With Changer Control",129,2
37,37,Cuisinart Automatic Brew And Serve Coffeemaker - DTC975BK,Cuisinart Automatic Brew And Serve Coffeemaker - DTC975BK/ 12-Cup Double-Wall Insulated Stainless Steel Carafe/ Fully Automatic With 24-Hour Programmability/ Patented Brew-Through And Pour-Through Lid/ Brew Pause Feature/ Automatic Shutoff/ Black And Stainless Steel Finish,99.95,33
38,38,Sharp Over The Counter Microwave Oven - R1214SS,Sharp Over The Counter Microwave Oven - R1214SS/ 1.5 Cubic Foot Capacity/ 1100 Watts/ 24 Automatic Settings/ 2-Color Lighted LCD/ Smart And Easy Sensor Settings/ Auto-Touch Control Panel/ Stainless Steel Finish,429,24
39,39,Toshiba Rechargeable 5-Hour Battery Pack - MEDB05LX,Toshiba Rechargeable 5-Hour Battery Pack - MEDB05LX/ Works With SDP2500 And SDP2600 Portable DVD Players,149.99,70
40,40,GE GSD4000NWW White Built-In Dishwasher - GSD4000WH,GE GSD4000NWW White Built-In Dishwasher - GSD4000WH/ 5-Level PowerScrub Wash System With PowerShower/ Electronic Controls/ 100 Percent Water Filtration With ExtraFine Filter/ 2/4/8-Hour Delay Start/ China/Crystal Cycle/ White Finish,874.14,29
41,41,Sony Stereo Audio Receiver - STRDE197,Sony Stereo Audio Receiver - STRDE197/ 100 Watts Per Channel x 2/ AM/FM Tuning With 30 Presets/ 5 Function Input Selector/ 8 Ohm Rated Amplifier/ Remote Control,385.02,4
42,42,Maytag Bisque Over-The-Range Microwave Oven - MMV4205BT,"Maytag Bisque Over-The-Range Microwave Oven - MMV4205BT/ 2.0 Cu. Ft. Capacity/ 1,150 Watts/ Ten Power Levels/ 220 CFM Airflow With Two Adjustable Fan Speeds/ Scrolling VFD Display/ Twelve Instant Touch Pads/ Precision Touch Electronic Controls/ Digital Display With Clock And Kitchen Timer/ Bisque Finish",739.85,1
43,43,Maytag Over-The-Range Microwave Oven - MMV5207BK,"Maytag Over-The-Range Microwave Oven - MMV5207BK/ 2.0 Cubic Foot Capacity/ 1,100 Watts/ Ten Power Levels/ Sensor Cook/ Custom Program Option/ WideGlide Tray/ Delay-Stop Fan Settings/ Deluxe Charcoal Odor Filter/ Black Finish",481.91,21
44,44,Panasonic Genius Prestige Inverter Microwave Convection Oven NNC994SS In Stainless Steel - NNC994SS,Panasonic Genius Prestige Microwave Convection Oven - NNC994SS/ 1.5 Cubic Foot Capacity/ 1100 W Microwave Inverter Power/ 1500 W Convection Power/ Genius Sensor Cook/ Two Level Cooking/ Half Mirror Finish Glass Door/ Stainless Steel Finish,461.91,28
45,45,Sony Super Audio CD Player - SCDCE595,Sony Super Audio CD Player - SCDCE595/ Multi-Channel Super Audio CD Playback Capability/ CD/CD-R/CD-RW Playback Capability/ Multi-Channel Direct Stream Digitial Decoder/ Multi-Channel Management System/ SACD Text/CD Text Capability/ ETA LATE JANUARY 2009,149,20
46,46,Whirlpool 24' Built-In Dishwasher - DU1100SS,Whirlpool 24' Built-In Dishwasher - DU1100SS/ 14-Five Piece Place Setting Super Capacity Tub/ 5 Level Wash/ Temperature And Pressure Sensors/ 4 Automatic Cycles/ Soak And Scour Option/ AnyWare Plus Silverware Basket/ Hard Food Disposer With Self-Cleaning Filter/ Quiet Partner II Sound Package/ Energy Star Qualified/ Black-On-Stainless Finish,594.69,99
47,47,Danby Twin Tub Washer - DTT420WH,Danby Twin Tub Washer - DTT420WH/ 10lb Capacity/ Energy Efficient Full Length Agitator/ 2 Wash Options/ 1600 RPM Spin Dry Cycle/ Rust Resistant Galvanized Steel Cabinet/ Quiet Operation/ White Finish,319.53,73
48,48,Omnimount TV Top Shelf Mount - CCH1P,"Omnimount TV Top Shelf Mount - CCH1P/ TV Top Shelf Mount For CRT, LCD & DLP TVs/  Platinum Finish",39.96,65
49,49,Omnimount TV Top Shelf Mount - CCH1B,"Omnimount TV Top Shelf Mount - CCH1B/ TV Top Shelf Mount For CRT, LCD & DLP TVs/  Black Finish (Photo Showing Plantinum)",838.72,94
50,50,Delonghi Twenty Four Seven Coffee Maker In Black - DC50B,"Delonghi Twenty Four Seven Coffee Maker - DC50B/ 4-Cup Capacity/ Easy-Access, Washable Filter Basket/ Black Finish",22,21
51,51,Sanus Silver LCD Television Turntable - TVLCDS,Sanus Silver LCD Television Turntable - TVLCDS/ Holds 13'-30' Size Televisions/ 360 Degree Rotation/ Silver Finish,29.99,40
52,52,Frigidaire 27' Electric Stack Washer Dryer Combo - FEX831WH,Frigidaire 27' Electric Stack Washer Dryer Combo - FEX831WH/ Extra-Large Capacity Wash Tub/ 3 Wash / Rinse Temperatures/ 8 Cycles/ Heavy-Duty Single Speed 3/4 HP Motor/ 5.7 Cubic Foot Super Capacity Dryer Drum/ Balanced Dry System/ 1 Auto Dry Cycle/ Quick Clean Lint Screen/ White Finish,707.8,48
53,53,Olympus Olympus Ni-MH Quick Charger And Battery Set - B90SU,Olympus Olympus Ni-MH Quick Charger And Battery Set - B90SU/ Ultra-Compact Size And Removable AC Cable/ Charges Four AA Batteries In Around 255 Minutes/ 4 x 2300mAh AA Batteries Included,969.69,76
54,54,Sony Digital Photo Printer Paper 40 Pack  - SVMF40P,Sony Digital Photo Printer Paper 40 Pack - SVMF40P/ 4' x 6' Print Paper With Snap-Off Edges/ Super Coat 2 Protective Lamination/ Water Damage And Fingerprint Resistant Prints/ 40 Sheets Of Paper And Print Ribbon/ For DPPF Series Digital Photo Printers Only,826.62,59
55,55,Canon Rechargeable Battery - 9763A001,"Canon Rechargeable Battery - 9763A001/ Compatible With The SD200, SD300, SD400, SD30, SD450, SD600, SD630, SD750, SD1000 And Other PowerShot Cameras/ OEM Litium Ion Battery /  180 Minutes Of Playback Time",942.28,70
56,56,Delonghi Twenty Four Seven Coffee Maker - DC50W,"Delonghi Twenty Four Seven Coffee Maker - DC50W/ 4-Cup Capacity/ Easy-Access, Washable Filter Basket/ White Finish",22,85
57,57,Universal IR/RF Remote - MX350,Universal IR/RF Remote - MX350/ Controls Up To 10 Components/ Extensive Macro Programming/ Memory Back-Up/ One Hand Ergonomics,149.95,25
58,58,Universal IR/RF Aeros Remote Control- MX850 - MX850,Universal IR/RF Aeros Remote Control- MX850/ Laser Etched Buttons/ Centrally Located Joystick/ Memory Back-Up/ One Hand Ergonomics/ Controls Up To 20 Components,399.95,13
59,59,Panasonic 5-Pack DVD-RAM Discs - LMAF120LU5,Panasonic 5-Pack DVD-RAM Discs - LMAF120LU5/ Slim Cases/ 2-3x Speed/ Single-Sided/ 120 Minute (4.7GB/Non-Cartridge)/ For Video Recording/ 5 Pack,15,14
60,60,Belkin AC Anywhere - F5C400300W,Belkin AC Anywhere - F5C400300W/ Mobile Power Adapter For Your Vehicle/ Powers Portable Devices Using A 300-Watt Power Inverter/ 2 AC Outlets/ Converts DC Power To AC Power From A Cigarette Lighter Socket/ Automatic Overheat Shut-Off/ Low-Battery Alarm/ Overload Protection/ Replaceable Fuse Included/ Power LED Indicator,783.53,85
61,61,Sanus 13' - 30' VisionMount Flat Panel TV Silver Wall Mount - VMFS,Sanus 13' - 30' VisionMount Flat Panel TV Silver Wall Mount - VMFS/ Supports Up To 40 lbs/ Easy To Install/ Fingertip Virtual Axis Tilting System/ Silver Finish,39.99,12
62,62,Weber Performer 22-1/2' Charcoal Grill - 841001,Weber Performer 22-1/2' Charcoal Grill - 841001/ Push-Button Igniter/ Porcelain-Enameled Bowl And Lid/ Dual-Purpose Themometer/ Crackproof All-Weather Wheels/ Black Lid Finish/ Assembly Required,329,89
63,63,Sanus 13' - 30' Flat Panel TV Black Wall Mount - VM1B,Sanus 13' - 30' Flat Panel TV Black Wall Mount - VM1B/ Tilt And Swivel Motion/ Rigid Extruded Aluminum Construction/ Supports Up To 50 Lbs/ Black Finish,69.99,74
64,64,Sony HD DVC Tape - DVM63HD,Sony HD DVC Tape - DVM63HD/ 63 Minutes Recording Time/ High Definition Video Recording/ Designed For 1080i Or 720p HDV,427.8,50
65,65,Sanus 15' - 40' Flat Panel TV Silver Wall Mount - VM400S,Sanus 15' - 40' Flat Panel TV Silver Wall Mount - VM400S/ Virtual Axis Tilt Adjustment System/ Hinged Arm Extend From 3.5' To 20'/ Durable Powder Coated Silver Finish,219.99,71
66,66,Sanus 15' - 40' Flat Panel TV Black Wall Mount - VM400B,Sanus 15' - 40' Flat Panel TV Black Wall Mount - VM400B/ Virtual Axis Tilt Adjustment System/ Hinged Arm Extend From 3.5' To 20'/ Durable Powder Coated Black Finish,170.88,99
67,67,Frigidaire Electric Dryer - FEQ1442WH,Frigidaire Electric Dryer - FEQ1442WH/ 5.8 Cubic Foot Super Capacity Drum/ 7 Auto Dry Cycles/ 4 Dryness Level Selections/ 90 Minute Timed Dry/ 4 Temperature Options/ White Finish,609.67,85
68,68,Delonghi Oil Filters - FK8,Delonghi Oil Filters - FK8/ Made For Use With D895UX/ 3 Pack,18,39
69,69,Danby Designer Portable Dishwasher - DDW1805WH,Danby Designer Portable Dishwasher - DDW1805WH/ 8 Place Settings Capacity/ Adjustable Upper Dish Rack/ 7 Wash Programs/ Three Tier Spray Wash System/ White Finish,159.56,37
70,70,Canon Optura/Elura Accessory Kit - ACCESSORYKIT,Canon Optura/Elura Accessory Kit - ACCESSORYKIT/ BP-2L14 Battery/ Carrying Case/ Mini DV Tape.,296.18,94
71,71,Mosquito Magnet Defender Replacement Net - MM4000NET1,Mosquito Magnet Defender Replacement Net - MM4000NET1/ 1-Pack,642.4,35
72,72,Panasonic Genius Countertop Microwave In White - NNH965WH,Panasonic Genius Countertop White Microwave - NNH965WH/ 2.2 Cubic Foot/ Inverter Turbo Defrost/ Child Safety Lock/ Versatile Function Key/ White Finish,889.79,62
73,73,Weber Performer 22-1/2' Charcoal Grill - 848001,Weber Performer 22-1/2' Charcoal Grill - 848001/ Push-Button Igniter/ Porcelain-Enameled Bowl And Lid/ Dual-Purpose Themometer/ Crackproof All-Weather Wheels/ Blue Lid Finish/ Assembly Required,329,31
74,74,Whirlpool 24' Built-In Dishwasher - DU1055BK,Whirlpool 24' Built-In Dishwasher - DU1055BK/ 14-Five Piece Place Setting Super Capacity Tub/ 5 Level Direct Feed SheerClean Wash System/ 4 Cycles/ AnyWare Plus Silverware Basket/ Quiet Partner I Sound Package/ Energy Star Qualified/ Black Finish,397,4
75,75,Whirlpool 24' Built-In Dishwasher - DU1055SS,Whirlpool 24' Built-In Dishwasher - DU1055SS/ 14-Five Piece Place Setting Super Capacity Tub/ 5 Level Direct Feed SheerClean Wash System/ 4 Cycles/ Soak And Scour Option/ AnyWare Plus Silverware Basket/ Quiet Partner I Sound Package/ Energy Star Qualified/ Black On Stainless Finish,491,13
76,76,Cuisinart Countertop Griddler - GR4,Cuisinart Countertop Griddler - GR4/ Nonstick Grill/ Knob Selector/ Light Indicator/ Temperature Controls/ Cleaning/Scraping Tool Included,313.44,57
77,77,Nikon AF Speedlight Accessory - SB600,Nikon AF Speedlight Accessory - SB600/ Versatile Remote Speedlight/ i-TTL Flash Control/ FV Lock (Flash Value Lock)/ Auto FP High Speed Sync Mode,807.39,67
78,78,Panasonic Genius Countertop Microwave In Black - NNH965BK,Panasonic Genius Countertop Microwave - NNH965BK/ 2.2 Cubic Foot/ Inverter Turbo Defrost/ Child Safety Lock/ Versatile Function Key/ Black Finish/,574.01,33
79,79,Sony Soft Cyber-Shot Carrying Case - LCSCST,Sony Soft Cyber-Shot Carrying Case - LCSCST/ Sturdy Nylon Construction/ Compact And Very Lightweight/ Stylish Black Design,14,29
80,80,Pioneer XM Digital Satellite Tuner for Pioneer Headunits - GEXP920XM,Pioneer XM Digital Satellite Tuner For Pioneer Headunits - GEXP920XM/ SAT Radio Ready/ XM Ready/ Built-In FM Modulator/ 18- Station/ 6- Button Presets/ Magne Mount Installation,98,94
81,81,Sanus Universal Projector Ceiling Mount -  Black Finish - VMPR1B,Sanus Universal Projector Ceiling Mount - VMPR1B/ Designed For DLP And LCD Projectors/ Quick Release Mechanism/ 50 Lbs Capacity/ Black Finish,129.99,91
82,82,OmniMount G-303 Gray Stellar Series Audio Tower - G303GR,OmniMount G-303 Gray Stellar Series Audio Tower - G303GR/ Supports Tabletop Flat Panels/ Three Floating Shelf Design/ Integrated Cable Management/ Gray Finish,248.81,9
83,83,Sennheiser RF Wireless Headphones - RS140,Sennheiser RF Wireless Headphones - RS140/ Switchable Compression/ Balance Control For Right/Left Volume Adjustment/ High Output Level/ Intelligent Auto-Tuning With Memory Function/ Self-Learning Automatic Level Control/ Easy Recharging,384.37,61
84,84,Kenwood iPod Mobile Interface - KCAIP500,"Kenwood iPod Mobile Interface - KCAIP500/ Compatible With Most Kenwood Receivers/ Text Display, Multiple Search Mode/ Powers And Charges iPod",49.99,79
85,85,Pioneer Wired Marine Remote Control Display - CDMR80D,Pioneer Wired Marine Remote Control Display - CDMR80D/ Compatible With Pioneer Headunits/ Satellite Radio Text Indications/ ATT (Volume Attenuator) Button,149,1
86,86,Bose Second Zone Remote - PMC2,"Bose Second Zone Remote - PMC2/ Controls Lifestyle 38 Or 48 Media Center/ TV, VCR, Cable Box, Satellite Receiver/ Accesses Digitally Stored CDs In UMusic System",149,29
87,87,Sony 400-Disc DVD/SA-CD/CD Mega Changer - DVPCX995V,"Sony 400-Disc DVD, SACD & CD Mega Changer - DVPCX995V/ Super Audio CD Playback/ DVD-RW/DVD-R/DVD+RW/DVD+R Playback/ 12 Bit Video DAC/ Dolby Digital And Dts/ Advanced SmoothScan Technology/ Instant Replay/ Back Ground Graphics/ Black Finish",877.02,6
88,88,Sanus 32' - 84' Flat Panel TV Black Tilting Wall Mount - VMPL3B,Sanus 32' - 84' Flat Panel TV Black Tilting Wall Mount - VMPL3B/ Virtual Axis Tilt Adjustment System/ Supports Up To 280 Lbs./ Fits Most Large Flat Panel LCD TVs/ Easy To Install/ Black Finish,625.49,54
89,89,Sony DVD-R Recordable Camcorder Media - 3DMR30L1H,"Sony DVD-R Recordable Camcorder Media 3 Pack - 3DMR30L1H/ 30 Minute, 1.4 GB/ Accucore Technology/ Store Digital Video, Audio And Multimedia Files/ 3 Pack",9.99,32
90,90,Sony VAIO Neoprene Laptop Carrying Case - Black Finish - VGPAMC3,"Sony VAIO Neoprene Laptop Carrying Case - VGPAMC3/ Compatible With VAIO A Series 15' And FS Series 15.4' Widescreen Notebooks/ Helps Protect Your Notebook From Scratches, Spills And Dings/ Neoprene Offers Durable And Water-Resistant Protection",22,33
91,91,Canon Color Ink Tank - CL41CL,"Canon Color Ink Tank - CL41CL/ Compatible With The Pixma iP1600, MP170 Printers",24,43
92,92,Canon Cyan Ink Tank - Cyan - CLI8C,"Canon Cyan Ink Tank - CLI8C/ Compatible With The Pixma iP4200, iP5200, iP5200R, iP6600D, MP500, MP800 Printers",16,63
93,93,Canon Magenta Ink Tank - Magenta - CLI8M,"Canon Magenta Ink Tank - CLI8M/ Compatible With The Pixma iP4200, iP5200, iP5200R, iP6600D, MP500, MP800 Printers",16,95
94,94,Canon Cyan Photo Ink Cartridge - Cyan - CLI8PC,Canon Cyan Photo Ink Cartridge - CLI8PC/ Compatible With The Pixma iP6600D Printer,16,59
95,95,Canon Magenta Photo Ink Cartridge - Magenta - CLI8PM,Canon Magenta Photo Ink Cartridge - CLI8PM/ Compatible With The Pixma iP6600D Printer,16,56
96,96,Canon Yellow Ink Cartridge - Yellow - CLI8Y,"Canon Yellow Ink Cartridge - CLI8Y/ Compatible With The Pixma iP4200, iP5200,  iP5200R, iP6600D, MP500, MP800 Printers",16,52
97,97,Canon Black Ink Cartridge - Black - PG40BK,"Canon Black Ink Cartridge - PG40BK/ Compatible With The Pixma iP1600, MP170 Printers",19,76
98,98,Belkin Pro Series 16 Ft.  USB 2.0 Cable - F3U13316,Belkin Pro Series 16 Ft. USB 2.0 Device Cable - F3U13316/ Hi-Speed Data Transfer To 480Mbps/ Impedance Matched Twisted Pair Construction/ Gold Plated Copper Contacts/ 16 Feet,811.79,9
99,99,Pioneer Voice Command Pack - Black Finish - CDVC1,"Pioneer Voice Command Pack - CDVC1/ Microphone And Steering Wheel Remote Control/ Use Your Voice To Control Navigation, Audio, And Video Functions/ Compatible With AVICN2 And AVICN1",48,68
100,100,Sony VAIO Neoprene Notebook With AC Adapter Case - Black Finish - VGPAMC2,"Sony VAIO Neoprene Notebook With AC Adapter Case - VGPAMC2/ Helps Protect Your Notebook From Scratches, Spills And Dings/ Neoprene Offers Durable, Water-Resistant Protection/ Fits 17' Widescreen Notebooks",24,30
101,101,NetGear ProSafe 24 Port Smart Switch - FS726TP,NetGear ProSafe 24 Port Smart Switch - FS726TP/ Two Gigabit Ports Plus Easy Browser/ ProSafe Network Management Software/ Web Based Smart Management Features,605,21
102,102,GE Platinum HDTV Millennium TV Antenna - TV24734,GE Platinum HDTV Millennium TV Antenna - TV24734/ VHF/UHF/ 34' Dipoles For VHF Reception/ 130 Degree Swivel UHF Loop/ Low-Profile Storage,295.34,53
103,103,Garmin Streetpilot C Series Vehicle Suction Mount - Black Finish - 0101060900,Garmin Streetpilot C Series Vehicle Suction Mount - 0101060900/ Dashboard Or Friction Mounting Options Are Recommended Except California/ 12/24 Volt Adapter,227.34,11
104,104,Garmin StreetPilot C330 Dash Mount - Black Finish - 0101061300,Garmin StreetPilot C330 Dash Mount - 0101061300/ Non-Skid Mount Design/ Fully Portable/ Includes 12/24 Volt Cigarette Lighter Adapter/ Black Finish,57,40
105,105,Sony Memory Stick Duo Replacement Adaptor - Silver/Blue Finish - MSACM2,"Sony Memory Stick Duo Replacement Adaptor - MSACM2/ Compatible With Memory Stick Duo And Pro Media Stick/ Compact, Thin, And Extremely Lightweight",635.54,9
106,106,Yamaha High Performance Subwoofer -  Black Finish - YSTFSW100BK,Yamaha High Performance Subwoofer - YSTFSW100BK/ 130 Watts Dynamic Power/ Advanced YST II (Yamaha Active Servo Technology)/ Half Pipe Port/ Powerful 6.5? Multi-Range Driver/ Magnetically Shielded/ 16Hz Ultra Low Frequency Reproduction/ Slim Design/ Black Finish,150,31
107,107,Netgear ProSafe 16 Port 10/100 Desktop Switch - Purple Finish - FS116P,Netgear ProSafe 16 Port 10/100 Desktop Switch - FS116P/ 16 Auto Speed-Sensing 10/100 RJ-45 Ports/ 96 KB Embedded Memory Per Unit,299,88
108,108,Frigidaire Electric White Dryer - FEQ332WH,Frigidaire FEQ332 Electric Dryer - FEQ332WH/ 5.7 Cu.Ft. Super Capacity Drum/ Auto Dry Cycles/ Temperature Options/ Interior Drum Light/ Quick-Clean Lint Screen/ White Finish,592.71,98
109,109,Logitech Harmony 890 Advanced Universal Remote Control - H890,Logitech Harmony 890 Advanced Universal Remote Control - H890/ Quick And Simple Set Up/ Advanced Online Setup And Update Wizard/ Uses Both Radio Frequency (RF) And Infrared (IR) Wireless Signals/ Integrate Up To 15 Devices/ 8 On-Screen Activity Buttons/ Rechargeable Lithium Ion Battery And Charging Station Included/ Fully Backlit/ Comfort-Grip Shape,39.06,56
110,110,Canon High Capacity Color Ink Cartridge - Color Ink - CL51,"Canon High Capacity Color Ink Cartridge - CL51/ Compatible With Pixma iP6210D, iP6220D, MP150, MP170 And MP450 Printers",35,69
111,111,Canon Photo Ink Cartridge - CL52,Canon Photo Ink Cartridge - CL52/ Compatible With Pixma iP6210D And iP6220D Printers,25,23
112,112,Nikon 18-200mm Nikkor Zoom Lens - Black Finish - 2159,Nikon 18-200mm Nikkor Zoom Lens Accessory - 2159/ Compact 11x Zoom/ 18 - 200MM Focal Range/ Two ED Glass Elements/ Silent Wave Motor/ Three Aspherical Lens Elements/ VR II System,908.64,47
113,113,Sennheisser Hi-Fi Wireless Headphone - RS120,Sennheisser Hi-Fi Wireless Headphone - RS120/ Supra Aural/ Wireless RF Headphone System/ Range Of Up To 100 Meters/ Three Selectable RF Channels/ Transmitter With Metal Cradle,674.33,80
114,114,Cuisinart Programmable Coffeemaker - Stainless Steel Finish - DCC2000,Cuisinart 12-Cup Programmable Coffeemaker - DCC2000/ Fully Programmable/ Removable Coffee Reservoir/ Easy-To-Read Coffee Gauge/ Visible Water Level Indicator/ Removable Drip Tray/ Charcoal Water Filter/ Stainless Steel Finish,100,29
115,115,Sanus Center Channel Speaker Mount - Black Finish - VMCC1B,"Sanus Center Channel Speaker Mount - VMCC1B/ Works With Sanus Models VMSA, VMAA18, VMAA26, VMDD26 And VMCM1/ Easy To Install/ Mounting Hardware Included/ Black Finish",99.99,33
116,116,Sanus 32' - 50' Flat Panel TV Black Wall Mount - VMPL50B,Sanus 32' - 50' Flat Panel TV Black Wall Mount - VMPL50B/ Solid Heavy-Gauge Steel Construction/ Durable Powder-Coated Finish/ Virtual Axis Tilt Adjustment System/ Supports Up To 130 Lbs/ Black Finish,96.92,72
117,117,Netgear RangeMax Wireless Access Point - White Finish - WPN802NA,"Netgear RangeMax Wireless Access Point - WPN802NA/ Improves Performance Of Existing Legacy 802.11b And 802.11g Wireless Devices Up To 50 Percent/ Wired Equivalent Privacy (WEP) 64-Bit,128-Bit Encryption/ Wi-Fi Protected Access (WPA, Pre-Shared Key)",130,54
118,118,Weber Q 300 Liquid Propane Outdoor Grill - 426001,Weber Q 300 Liquid Propane Outdoor Grill - 426001/ Liquid Propane Fuel Type/ Two Burners For Direct And Indirect Cooking/ Thermometer Built Into The Lid/ Regulator Hose/ 12-Pound Turkey Capacity/ Cart Included/ Cast Aluminum Finish/ Assembly Required,349,95
119,119,Sony Lightweight Tripod - Black Finish - VCTR100,Sony Lightweight Tripod - VCTR100/ Lightweight And Portable/ Expands From 14' To 39'/ 3-Way Panhead Function/ Black Finish,34,81
120,120,Sanus VMAV Black VisionMount Component Wall Shelf VMAVB In Black - VMAVB,Sanus VMAV Black VisionMount Component Wall Shelf - VMAVB/ Single Wall Mount Shelf For Audio-Video Component/ Metal V Arm/ Black Finish,34.99,66
121,121,Panasonic Plain Paper Fax/Copier With All-Digital Answering System - Silver Finish - KXFP145,Panasonic Plain Paper Fax/Copier With All-Digital Answering System - KXFP145/ Digital Duplex Speakerphone/ LCD Display/ Quick Scan/ Electronic Film Indicator/ Electronic Volume Control,112.99,37
122,122,Tivo Wireless Adapter - AG0100,Tivo Wireless Adapter - AG0100/ For Use With A TiVo Series 2 Only/ Flip-Up Antenna/ Optimized Wireless Performance,350.23,67
123,123,Uniden 5.8GHz Accessory Handset And Charger - TCX905,Uniden 5.8GHz Accessory Handset And Charger - TCX905/ Base Keypad/ Handset Speakerphone/ Caller ID/Call Waiting Deluxe/ DirectLink Technology/ Advanced Phonebook Features/ Trilingual Menu Displays,296.71,71
124,124,Plantronics Voyager 510 Bluetooth Headset - Silver Finish - 496915,Plantronics Voyager 510 Bluetooth Headset - 496915/ Lightweight Design For All-Day Wearing Comfort/ Noise-Canceling Microphone For Clearer Conversations/ Wind-Noise Reduction Technology/ Headset Folds For Easy Storage/ One-Touch Call Control Buttons,674,92
125,125,Kingdom Hearts II Video Game For The Sony PS2 - 662248904115,"Kingdom Hearts II Video Game For The Sony PS2 - 662248904115/ Guide Sora And Friends In All-New locales Based On Disney Films/ Fight Alongside Classic Final Fantasy Characters As Well As Modern Disney Heroes/ Perform New Character-Specific Double Team Attacks While Battling Enemies/ Visit Beasts Castle, Port Royale, Pride Land, Agrabah, Halloween Town, And More/ Rated E For Everyone 10 And Older",175.53,54
126,126,TiVo Series2 Dual Tuner Digital Video Recorder - TCD649080,TiVo Series2 Dual Tuner Digital Video Recorder - TCD649080/ Up To 80-Hours Of Digital Recording Time/ Pause And Create Instant Replays Of Live TV/ Supports Recording From Cable And Satellite Sources Only/ USB Connectivity/ Remote Control/ TiVo Service Required And Sold Separately,340.54,89
127,127,Sony PlayStation 2 DUALSHOCK 2 Analog Controller - Emerald Finish - 711719706205,Sony PlayStation 2 DUALSHOCK 2 Analog Controller - 711719706205/ Analog Pressure Sensitivity On All Action Buttons/ Built-In DUALSHOCK Vibration Function/ Twin Analog Control Sticks/ Intelligent Self-Calibrating Analog System/ Emerald Finish,24.99,4
128,128,Sony PlayStation 2 8MB Memory Card - Black Finish - 711719702702,"Sony PlayStation 2 8MB Memory Card - 711719702702/ Save And Load High Scores, Positions And Replays/ MagicGate Encryption/ Black Finish",24.99,41
129,129,Sony PlayStation 2 8MB Memory Card (2 Pack) - Red/Blue Finish - 711719706700,"Sony PlayStation 2 8MB Memory Card (2 Pack) - 711719706700/ Save And Load High Scores, Positions And Replays/ MagicGate Encryption/ Red/Blue Finish",34.99,94
130,130,Whirlpool Duet Sport Front Loading White Washer - White Finish - WFW8300SWH,Whirlpool Duet Sport Front Loading White Washer - WFW8300SWH/ 3.4 Cubic Foot Capacity/ Electronic Controls/ 7 Cycles/ Child Lockout/ Door Lock/ Variable-Speed Motor/ Automatic Water Level Control/ Delay Wash Feature/ White Finish,767.84,68
131,131,Universal RF Series MasterControl Remote Control - RF20,Universal RF Series MasterControl Remote Control ? RF20/ Control Up To 10 Components/ 432 MacroPower Buttons/ Customizable LCD Screen/ Pre-Programmed Codes/ Learning Capable/ SimpleSound/ Fully Backlit Keypad/ DVD Guide,79.99,60
132,132,Panasonic Network Camera - White Finish - BLC1A,Panasonic Network Camera - BLC1A/ Automatic Network Configuration/ Built-In Calendar Timer/ Auto Time Adjustment With NTP/ Up To 10x Digital Zoom/ Multi-Language Interface/ White Finish,99,93
133,133,Pioneer 6.5' 2-Way Marine White Speakers - TSMR1640,Pioneer 6.5' 2-Way Marine Speakers - TSMR1640/ 160 Watts Maximum Power Handling (30 Watts Nominal)/ 1-1/8' Poly-Ether Imide Dome Tweeter With Magnetic Fluid And Equalizer/ Tinsel Lead Wire And Terminals Are Gold-Plated For Extra Protection,120,34
134,134,Apple USB Modem - White Finish - MA034ZA,"Apple USB Modem - MA034ZA/ Supports Caller ID, Wake On Ring, Telephone Answering (V.253), Modem On Hold/ V.92 Software Support",54,29
135,135,Linksys EtherFast 4124 24-Port Ethernet Switch - EF4124,"Linksys EtherFast 4124 24-Port Ethernet Switch - EF4124/ 24 Autosensing 10/100 Full Duplex, Auto MDI/MDI-X Ports/ Up To 200Mbps/ Address Learning, Aging And Data Flow Control/ Compact Size",119,12
136,136,Sony Learning Remote Control - Silver Finish - RMVL600,Sony Learning Remote Control - RMVL600/ One-Touch System Control (12 Macro Functions)/ Controls Up To 8 Components Seamlessly/ Pre-Programmed Codes Are Compatible With Most Brands,679.75,17
137,137,Hoover Bagged Tempo Widepath Upright Vacuum - U5140,"Hoover U5140-900 Bagged Tempo Widepath Upright Vacuum - U5140/ Filter Traps 100 Percent Dust Mites, 99.98 Percent Ragweed And Common Grass Pollens/ Powerful 12 Amp Motor/ Filter Bag Check For Optimum Cleaner Performance/ 15' Cleaner Width",505.99,59
138,138,Panasonic All-in-One Flatbed Laser Fax - KXFLB801,Panasonic All-in-One Flatbed Laser Fax - KXFLB801/ High Speed Laser Printing/ Multi-Function USB/Parallel Interface Capabilities/ Up To 33.6 Kbps Data Transfer/ Flatbed Scanner/ OCR Software Package/ Caller ID Compatible,463.79,1
139,139,Sony DVD Remote Control For PS2 - Black Finish - 711719707608,"Sony DVD Remote Control For PS2 - 711719707608/ Works As A Full-Featured Standard Controller/ Performs Audio Track Selection, Subtitle Display And Multiangle Options/ Designed To Match The Sleek Look Of PlayStation 2",19,45
140,140,Whirlpool 10' WHP1000SQ Duet Washer And Dryer White Pedestal Without Drawer - WHP1000WH,Whirlpool 10' WHP1000SQ Duet Washer And Dryer White Pedestal Without Drawer - WHP1000WH/ Raise The Washer And Dryer 10' For Easier Loading And Unloading/ White Finish,370.81,62
141,141,Whirlpool Duet Sport 27' White Electric Dryer  - WED8300SWH,Whirlpool Duet Sport 27' Electric Dryer - WED8300SWH/ 6.7 Cubic Foot Capacity/ Electronic Controls/ Child Lockout/ Front-Mounted Lint Screen/ Interior Drum Light/ 5 Temperature Selections/ 3 Timed Cycles/ White Finish,148.65,57
142,142,Panasonic Lithium Ion Rechargeable Battery - Black Finish - CGRS006A1B,Panasonic Lithium Ion Rechargeable Battery - CGRS006A1B/ Compatible With DMCFZ7 And DMCFZ30 Digital Cameras,45.87,23
143,143,Panasonic Digital Camera Battery - CGAS007A1B,Panasonic Digital Camera Battery - CGAS007A1B/ Lithium Ion Type/ For Digital Camera DMCTZ1 And DMCTZ3,529.24,25
144,144,Nikon Rechargeable Li-Ion Battery - Black Finish - 25334,"Nikon ENEL3E Rechargeable Li-Ion Battery - 25334/ Compatible D700, D200, D80, D300, D90 Nikon Digital Cameras",427.09,94
145,145,KitchenAid 5-Speed Blender - Red Finish - KSB560ER,KitchenAid 5-Speed Blender - KSB560ER/ 56-Oz. Polycarbonate Pitcher/ .9 Horsepower Motor/ Intelli-Speed Controls/ Automatic Crush Ice Button/ Electronic Mixing Sensor/ Empire Red Finish,79.98,51
146,146,Panasonic 2-Line Integrated Phone System - White Finish - KXTS3282W,Panasonic 2-Line Integrated Phone System - KXTS3282W/ Call Waiting Caller ID/ Speakerphone/ Call Restriction/ Intercom/ 3-Way Conferencing/ 3-Line LCD With Clock/ Programmable Tone/Pulse/ White Finish,94.87,49
147,147,Panasonic 2 Line 5.8 GHz FHSS GigaRange Expandable Digital Cordless Answering System - Black Finish - KXTG6700B,Panasonic 2 Line 5.8 GHz FHSS GigaRange Expandable Digital Cordless Answering System - KXTG6700B/ Expandable Up To 8 Handsets Total/ 4-Line Backlit LCD On Handset/ Voice Enhancer Technology/ Handset Speakerphone/ Clarity Booster/ Room Monitor/ 60 Minutes Of Total Record Time/ Black Finish,203.65,92
148,148,Panasonic 5.8GHz Add-On Handset For The KXTG6700B Phone System - Black Finish - KXTGA670B,Panasonic 5.8GHz Add-On Handset For The KXTG6700B 2 Line Phone System - KXTGA670B/ 5.8 GHz Digital Spread Spectrum Operation/ 3-Line Backlit LCD Display On Handset/ 50 Caller ID Memory/ Voice-Mail Message Waiting Indicator/ Black Finish,687.43,5
149,149,Nikon 55-200MM Zoom-Nikkor Lens Accessory - 2156,Nikon 55-200MM Zoom-Nikkor Lens Accessory - 2156/ 3.6X Zoom/ 55 - 200MM/ Silent Wave Motor/ Two ED Glass Elements/ Focus Mode Switch,199,38
150,150,Waring Professional Cool-Touch Deep Fryer - Black/Stainless Steel Finish - DF100,Waring Professional Cool-Touch Deep Fryer - DF100/ Large Frying Basket/ 60-Minute Timer/ Removable Control Panel/ Unique Heating Element/ Breakaway Cord/ LED Power Indicators,70,18
151,151,Denon Fully Automatic Analog Turntable - DP300F,Denon Fully Automatic Analog Turntable - DP300F/ Removable Headshell/ Automatic Startup/ Built-In Phono Equalizer/ DC Servo Motor And Belt Drive System/ MM Cartridge,329,7
152,152,Terk Mini Tuner Cartridge For XM Ready Home Products - CNP2000,Terk Mini Tuner Cartridge For XM Ready Home Products - CNP2000/ Connects To Any Home Or Portable Audio Product With The XM Ready Logo,29,73
153,153,Panasonic Plain Paper Fax/Copier With Cordless Phone Answering System - Grey Finish - KXFG2451,Panasonic Plain Paper Fax/Copier With Cordless Phone Answering System - KXFG2451/ Automatic Fax/Phone Switching/ 2.4GHz GigaRange Cordless Handset With Handset Speakerphone/ Voice Enhancer Technology/ All-Digital Answering System (18 Min)/ Navigator Key With 2-Line Display,119,70
154,154,Sony DSCH2 Soft Carrying Camera Case - Black Finish - LCSCSH,Sony DSCH2 Soft Carrying Black Camera Case - LCSCSH/ Polypropylene Construction/ Extra Compartments For Accessory Storage/ Can Hold Many Sony Or Other Manufacturers Digital Cameras/ Black Finish,473.18,55
155,155,Omnimount Moda 2 Shelf Wall Furniture - MWFS,Omnimount Moda 2 Shelf Wall Furniture - MWFS/ Modular Design/ Integrated Cable Management/ Tempered Glass Shelves,299,90
156,156,LEGO Star Wars II: The Original Trilogy Video Game For The Sony PSP - 023272329396,LEGO Star Wars II: The Original Trilogy Video Game For The Sony PSP - 023272329396/ Over 50 Of Your Favorite Characters In A Humorous And Unique LEGO Setting/ Build And Customize With A Galaxy Of New Features/ Rated E For Everyone +10,638.61,40
157,157,Terk Mini Tuner Home Dock For XM Ready Home Products - Black Finish - CNP2000H,"Terk Mini Tuner Home Dock For XM Ready Home Products - CNP2000H/ Comes Complete With The Docking Station, Protective Cover And A Window Sill Mount Antenna/ Interfaces To Existing And Future XM Ready Products",30,66
158,158,Denon 5-Disc CD Auto Changer - Black Finish - DCM290,Denon 5-Disc CD Auto Changer - DCM290/ CD-R/RW Playback/ Advanced Multilevel Noise Shaping DAC/ Digital Filter/ 3-Mode Random Playback/ Intelligent Disc Scan/ Music Calendar Display/ Black Finish,249,89
159,159,Denon 5 Disc CD Player - Black Finish - DCM390,"Denon 5 Disc CD Player - DCM390/ CD-R/RW Playback/ MP3, WMA And HDCD Decoding/ Advanced Multilevel Noise Shaping DAC/ 8 Times Oversampling Digital Filter/ 3 Mode Random Playback/ Intelligent Disc Scan/ 20 Selection Music Calendar Display/ Black Finish",349,39
160,160,Denon Progressive Scan Universal DVD Player - DVD2930CI,Denon Progressive Scan Universal DVD Player - DVD2930CI/ AC 120 Volts/ 60 Hertz/ 45 Watts/ Infrared Pulse Remote Control,849,40
161,161,Netgear Prosafe 16 Port 10/100 Rackmount Switch - Black Finish - JFS516NA,"Netgear Prosafe 16 Port 10/100 Rackmount Switch - JFS516NA/ Sixteen Switched Ports Provide Private Bandwidth For PCs, Servers Or Hubs/ Store-And-Forward Packet Switching/ Compatible With All Major Network Software/ Auto Detects Speed And Duplex/ Black Finish",131,28
162,162,Sirius Sportster 4 With Car Kit - SP4TK1,Sirius Sportster 4 With Car Kit - SP4TK1/ Replays 44 Minutes Of Content/ Large Easy-To-Read 6-Line Display/ 30 Channel Presets/ Game Alerts And Game Zone Features/ One Touch Jump,865.68,84
163,163,Terk XM Outdoor Home Antenna - Grey Finish - XM6,"Terk XM Outdoor Home Antenna - XM6/ Universal Mounting Roof, Wall Or Mast/ For Use With Single-Input Receivers/ Connects RG6 Cable For Easy Routing Up To 100 Ft. (Optimal Disatnce 75 Ft.)",80,50
164,164,Olympus Digital Camera Neoprene Soft Case - Black With Grey Finish - 202066,Olympus Digital Camera Neoprene Soft Case - 202066/ Compatible With FE Or Stylus Series Cameras,940.89,82
165,165,Sanus 9' - 17' VisionMount Series Under Cabinet Flat Panel TV Silver Wall Mount - VMUC1S,Sanus 9' - 17' VisionMount Series Under Cabinet Flat Panel TV Silver Wall Mount - VMUC1S/ Tilting Motion/ Swivels Left And Right/ Universal Mounting Bracket/ Easy To Install/ Silver Finish,99.99,61
166,166,Sony MiniDV Cleaning Cassette - DVM12CLD,Sony MiniDV Cleaning Cassette - DVM12CLD/ Play For 10 Seconds And It Cleans The Heads Of Your MiniDV Camcorder For Picture-Perfect Performance/ Designed For all MiniDV Camcorders And MiniDV VCRs,470.6,87
167,167,GE Futura Indoor TV Antenna - Silver Finish - TV24746,GE Futura Indoor TV Antenna - TV24746/ Specially Designed To Receive Digital TV Signal/ 20dB Gain Amplification/ Noise Eliminator Circuitry Filter/ Designed To Mount Horizontally Or Vertically,158.56,69
168,168,Sanus 15' To 40' Flat Panel Black TV Wall Mount - ML22B1,Sanus 15' To 40' Flat Panel Black TV Wall Mount - ML22B1/ Solid Heavy-Gauge Steel Construction/ Durable Powder-Coated Finish/ Fits Most Medium Flat Panel LCD TVs Up To 100 Lbs/ Black Finish,87.98,39
169,169,Olympus Lithium Ion Rechargeable Battery - LI42B,"Olympus LI-42B Lithium Ion Rechargeable Battery - LI42B/ Compatible With Stylus 730, 7200SW, 770SE, 710, 740 And FE230",121.24,11
170,170,Olympus Premium Slim Leather Case In Black - 202087,Olympus 202087-410 Premium Slim Leather Case In Black - 202087/ Slim Classic Leather Saddle Bag Design/ Magnetic Closure Clasp/ Leather Wrist Strap/ Interior Pocket/ Compatible With FE200 And FE230/ Black Finish,656.64,44
171,171,Sanus 15' - 40' VisionMount Flat Panel TV Black Wall Mount - MT25B1,Sanus 15' - 40' VisionMount Flat Panel TV Black Wall Mount - MT25B1/ Solid Heavy-Gauge Steel Construction/ Durable Powder-Coated Finish/ Virtual Axis Tilt Adjustment System/ Up to 100 Lbs Support/ Black Finish,99.99,27
172,172,Sony Lightweight Tripod - Black Finish - VCTR640,Sony Lightweight Tripod - VCTR640/ Adjustable Height And Three-Way Head Allow For Creative Camera Angles/ Quick-Release Head Allows You To Remove Your Camera Quickly And Easily/ Black Finish,348.43,80
173,173,Nikon 70-300mm f/4.5-5.6G ED-IF AF-S VR Zoom-Nikkor Lens - 2161,Nikon 70-300mm f/4.5-5.6G ED-IF AF-S VR Zoom-Nikkor Lens In Black - 2161/ 4.3x Telephoto Zoom/ Vibration Reduction/ Two Extra-Low Dispersion Glass Elements/ Internal Focus/ Silent Wave Motor,749.3,28
174,174,Garmin GPS Carrying Case - Black Finish - 0101070400,Garmin GPS Carrying Case - 0101070400/ Protect Your GPS By Absorbing The Impact From Routine Drops/ Prevent Damage From Scratches And Spills,30,74
175,175,Tech Craft Avalon Series TV Stand - Black Finish - ABS32,Tech Craft Avalon Series TV Stand - ABS32/ 32' Wide 'Tall Boy' For Smaller Screen Flat Panels/ Molded Top Gives It An Elegant Appearance/ Framed Doors To Conceal Components/ Black Finish,249,57
176,176,Tech Craft Avalon Series TV Stand - SWP48,Tech Craft Avalon Series TV Stand - SWP48/ 48' Wide Credenza For Flat Panel TVs And DLPs/ 260 Lbs TV Weight Capacity/ 50 Lbs Shelf Weight Capacity/ Wood Veneer Finish,299,30
177,177,Sanus 15' - 40' VisionMount Flat Panel TV Black Wall Mount - MF110B,Sanus 15' - 40' VisionMount Flat Panel TV Black Wall Mount - MF110B/ Mounts Within 2.5' Of Wall/ Holds Up To 100 Lbs/ Powder Coated Black Finish,179.99,75
178,178,Garmin Nuvi 360 010-10815-00 Black Replacement Vehicle Suction Cup Mount - 0101081500,Garmin Nuvi 360 010-10815-00 Black Replacement Vehicle Suction Cup Mount - 0101081500/ Compatible With The Nuvi 360/ It Is A Replacement/ Black Finish,39,38
179,179,Garmin Nuvi 360 010-10723-06 Black 12 Volt Adapter Cable - 0101072306,Garmin Nuvi 360 010-10723-06 Black 12 Volt Adapter Cable - 0101072306/ Compatible With The Nuvi 350 And 360/ It Is A Replacement/ Black Finish,47,66
180,180,Garmin Nuvi 660 010-10747-03 Black 12 Volt Adapter Cable - 0101074703,Garmin Nuvi 660 010-10747-03 Black 12 Volt Adapter Cable - 0101074703/ Compatible With The Nuvi 660/ Black Finish,39,10
181,181,Lowepro Digital Camera Case In Black - REZO15BK,"Lowepro Rezo 15 Digital Camera Case In Black - REZO15BK/ Slim, Sleek Little Pouch/ Stretchy Side Gussets/ Pocket For Memory Card/ Adjustable Shoulder Strap/ Water-Resistant Microfiber",142.66,16
182,182,Lowepro Digital Camera Case In Black - EDIT100BK,"Lowepro Edit 100 Digital Camera Case In Black - EDIT100BK/ Designed For Digital Cameras/ Includes Lots Of Accessory Pockets/ Soft, Lining, Padded Interior/ Adjustable Divider/ Water-Resistant Nylon And Microfiber",218.9,72
183,183,Garmin 010-10702-00 Black GA 25MCX Remote GPS Antenna - 0101070200,Garmin 010-10702-00 Black GA 25MCX Remote GPS Antenna - 0101070200/ Built-In Magnetic Mount/ Includes A Cable Over 8 Feet Long And MCX Connector,30,10
184,184,Frigidaire 24' PLD4375RFC Built-In Stainless Steel Dishwasher - PLD4375SS,Frigidaire 24' PLD4375RFC Built-In Stainless Steel Dishwasher - PLD4375SS/ Power Dry Drying System/ GraniteGrey Interior/ 5-Level Precision Direct Wash System/ Self-Cleaning Filter/ Smart Soil Sensor/ Stainless Steel Finish,624.9,57
185,185,Garmin 010-10823-00 Black Nuvi 660 Vehicle Suction Cup Mount - 0101082300,Garmin 010-10823-00 Black Nuvi 660 Vehicle Suction Cup Mount - 0101082300/ Replacement Suction Cup Mount/ Compatible With Nuvi 660/ Black Finish,46,51
186,186,Whirlpool WED6400SB Cabrio Super Capacity Plus Electric Black Dryer - WED6400SBK,Whirlpool WED6400SB Cabrio Super Capacity Plus Electric Black Dryer - WED6400SBK/ 7.0 Cu. Ft. Super Capacity Plus Drum/ AccelerCare Drying System/ 7 Automatic Cycles/ Wrinkle Shield Plus Feature/ 5 Temperature Selections/ 1/3 HP Motor/ Black Finish,165.38,97
187,187,Universal MRF-350 RF Black Base Station - MRF350,"Universal MRF-350 RF Black Base Station - MRF350/ No More Pointing/ RF Addressable/ IR Routing/ Expand Operating Range Up To 100 Feet/ Compatible With MX-3000, TX-1000, MX-950 And MX-900 Only/ Black Finish",250,69
188,188,Panasonic SR-NA18 White Deluxe Fuzzy Logic Rice Cooker - SRNA18,Panasonic SR-NA18 White Deluxe Fuzzy Logic Rice Cooker - SRNA18/ Compact Design/ Advanced Fuzzy Logic Technology/ 8 Menu Settings/ Non-Stick Coated Pan With Dimpled Bottom/ 24-Hour Clock/ 12-Hour Keep Warm Feature/ White Finish,497.3,40
189,189,Whirlpool Cabrio WTW6400SW Top Loading White Washer - WTW6400SWH,Whirlpool Cabrio WTW6400SW Top Loading White Washer - WTW6400SWH/ 4.5 Cu. Ft. Capacity/ Direct Inject Wash System/ 6th Sense Technology/ Care Control Temperature Management/ Ultra Quiet Wash Noise Reduction/ Stainless Steel Wash Drum/ 10 Automatic Cycles/ Woolmark Certified Wool Cycle/ Automatic Water Level Settings/ White Finish,66.91,96
190,190,Bose In-Ear Black Headphones - BOSEIE,"Bose In-Ear Black Headphones - BOSEIE/ Comfortable In-Ear Design/ TriPort Acoustic Headphone Structure/ S, M And L Removable Silicone Tips/ Carrying Case/ Black Finish",99.95,39
191,191,Panasonic KX-TG4500B Black 5.8 GHz Cordless Phone System - KXTG4500B,Panasonic KX-TG4500B Black 5.8 GHz Cordless Phone System - KXTG4500B/ Frequency-Hopping Spread Spectrum Technology/ All-Digital Voice Mail System/ Handles Up To 4 Lines/ Tollsaver/ 2-Way Recording/ Black Finish,777.89,36
192,192,Panasonic KX-TGA450B Black 5.8 GHz Cordless Handset - KXTGA450B,Panasonic KX-TGA450B Black 5.8 GHz Cordless Handset - KXTGA450B/ Frequency Hopping Digital Spread Spectrum Technology/ Answering System  With Compatible Base Unit/ Call Waiting Caller ID/ Join In/Privacy/ 2-Way Intercom/ Voice Scramble/ Black Finish,209.03,78
193,193,Nyko PlayStation 3 Dual Charger AC - 743840830153,Nyko PlayStation 3 Dual Charger AC - 743840830153/ Charge 2 Wireless PS3 Controllers From A Standard Wall Outlet/ Collapsable Prongs For Easy Storage/ Charges Other Mini USB Devices,24.99,91
194,194,Nyko PlayStation 3 ChargeLink USB Charging Cable - 743840830009,Nyko PlayStation 3 ChargeLink USB Charging Cable - 743840830009/ Charge And Play At The Same Time/ Unique Woven Cable Shielding Improves Cable Durability/ 10 Ft Cable,14.99,19
195,195,Linksys Wireless-G VPN Broadband Silver Router - WRV54G,"Linksys Wireless-G VPN Broadband Silver Router - WRV54G/ Built-In VPN Endpoint Capability/ Securely Connect Up To 50 Remote Or Traveling Users To Your Office Network Via VPN/ Hotspot Ready With Subscriber Registration, Authorization And Authentication Functions/ Silver Finish",149,44
196,196,Bose SL2 Wireless Black Surround Link - SL2WIRELESS,"Bose SL2 Wireless Black Surround Link - SL2WIRELESS/ Transmitter And Receiver Work On A Radio Frequency Signal Effective From Up To 30 Feet In The Same Room/ Compatible With All Lifestyle Systems, CD-Based Models And All 5.1-Channel Acoustimass Home Entertainment Systems/ Black Finish",249,53
197,197,Sony Digital Photo Printer Paper 120 Pack - SVMF120P,Sony Digital Photo Printer Paper 120 Pack - SVMF120P/ 4' x 6' Print Paper With Snap-Off Edges/ Super Coat 2 Protective Lamination/ Water Damage And Fingerprint Resistant Prints/ 120 Sheets Of Paper And Print Ribbon/ For DPPF Series Digital Photo Printers Only,35,87
198,198,Logitech Harmony 1000 Silver Touch Screen Remote Control - H1000,Logitech Harmony 1000 Silver Touch Screen Remote Control - H1000/ One-Touch Activity Controls/ Easy-To-Use 3.5' Touch Screen/ Rechargeable/ Computer-Based Set-Up/ Help Button/ Control Devices Without Line-Of-Sight (Up To 100 Feet),676.46,73
199,199,Canon PGI-5BK Black Ink Tank Cartridge - PGI5BK,Canon PGI-5BK Black Ink Tank Cartridge - PGI5BK/ Smudge Resistant/ Resists Smearing Caused By Highlighters/ Smudge Resistant/ Pigment Ink Formulation For Long Lasting Prints,16,3
